-- MySQL Script generated by MySQL Workbench
-- Κυρ 19 Μαΐ 2019 03:19:53 μμ EEST
-- Model: New Model    Version: 1.0
-- MySQL Workbench Forward Engineering

SET @OLD_UNIQUE_CHECKS=@@UNIQUE_CHECKS, UNIQUE_CHECKS=0;
SET @OLD_FOREIGN_KEY_CHECKS=@@FOREIGN_KEY_CHECKS, FOREIGN_KEY_CHECKS=0;
SET @OLD_SQL_MODE=@@SQL_MODE, SQL_MODE='TRADITIONAL,ALLOW_INVALID_DATES';

DROP DATABASE IF EXISTS `SmartParking`;

-- -----------------------------------------------------
-- Schema mydb
-- -----------------------------------------------------
-- -----------------------------------------------------
-- Schema SmartParking
-- -----------------------------------------------------

-- -----------------------------------------------------
-- Schema SmartParking
-- -----------------------------------------------------
CREATE SCHEMA IF NOT EXISTS `SmartParking` DEFAULT CHARACTER SET utf8 ;
USE `SmartParking` ;

-- -----------------------------------------------------
-- Table `SmartParking`.`USER`
-- -----------------------------------------------------
CREATE TABLE IF NOT EXISTS `SmartParking`.`USER` (
  `plate` VARCHAR(45) NOT NULL,
  `name` VARCHAR(45) NOT NULL,
  `password` VARCHAR(45) NOT NULL,
  PRIMARY KEY (`plate`))
ENGINE = InnoDB;


-- -----------------------------------------------------
-- Table `SmartParking`.`ADMIN`
-- -----------------------------------------------------
CREATE TABLE IF NOT EXISTS `SmartParking`.`ADMIN` (
  `idADMIN` INT NOT NULL AUTO_INCREMENT,
  `name` VARCHAR(45) NOT NULL,
  `password` VARCHAR(45) NOT NULL,
  PRIMARY KEY (`idADMIN`))
ENGINE = InnoDB;


-- -----------------------------------------------------
-- Table `SmartParking`.`Parking`
-- -----------------------------------------------------
CREATE TABLE IF NOT EXISTS `SmartParking`.`Parking` (
  `idParking` INT NOT NULL AUTO_INCREMENT,
  `#spot` VARCHAR(45) NOT NULL,
  `floor` INT NOT NULL,
  `address` VARCHAR(45) NOT NULL,
  `admin` INT NOT NULL,
  `lat` VARCHAR(45) NOT NULL,
  `long` VARCHAR(45) NOT NULL,
  PRIMARY KEY (`idParking`),
  INDEX `fk_Parking_1_idx` (`admin` ASC),
  CONSTRAINT `fk_Parking_1`
    FOREIGN KEY (`admin`)
    REFERENCES `SmartParking`.`ADMIN` (`idADMIN`)
    ON DELETE CASCADE
    ON UPDATE CASCADE)
ENGINE = InnoDB;


-- -----------------------------------------------------
-- Table `SmartParking`.`spot`
-- -----------------------------------------------------
CREATE TABLE IF NOT EXISTS `SmartParking`.`spot` (
  `idspot` INT NOT NULL AUTO_INCREMENT,
  `spotname` VARCHAR(45) NOT NULL,
  `plate` VARCHAR(45) NULL,
  `spot_state` TINYINT(1) NOT NULL,
  `spot_type` ENUM('temporary', 'monthly') NULL,
  `parking` INT NOT NULL,
  `monthly` DATETIME NULL,
  PRIMARY KEY (`idspot`),
  INDEX `fk_spot_1_idx` (`parking` ASC),
  UNIQUE INDEX `idspot_UNIQUE` (`idspot` ASC),
  CONSTRAINT `fk_spot_1`
    FOREIGN KEY (`parking`)
    REFERENCES `SmartParking`.`Parking` (`idParking`)
    ON DELETE CASCADE
    ON UPDATE CASCADE)
ENGINE = InnoDB;


-- -----------------------------------------------------
-- Table `SmartParking`.`pay_station`
-- -----------------------------------------------------
CREATE TABLE IF NOT EXISTS `SmartParking`.`pay_station` (
  `idpay_station` INT NOT NULL,
  `idParking` INT NOT NULL,
  `total_cash` INT NOT NULL,
  `change` INT NOT NULL,
  PRIMARY KEY (`idpay_station`),
  INDEX `fk_pay_station_1_idx` (`idParking` ASC),
  CONSTRAINT `fk_pay_station_1`
    FOREIGN KEY (`idParking`)
    REFERENCES `SmartParking`.`Parking` (`idParking`)
    ON DELETE CASCADE
    ON UPDATE CASCADE)
ENGINE = InnoDB;


-- -----------------------------------------------------
-- Table `SmartParking`.`ticket`
-- -----------------------------------------------------
CREATE TABLE IF NOT EXISTS `SmartParking`.`ticket` (
  `idticket` INT NOT NULL AUTO_INCREMENT,
  `state` ENUM('payed', 'not payed') NOT NULL,
  `active_time` DATETIME NOT NULL,
  `plate` VARCHAR(45) NOT NULL,
  `parking` INT NOT NULL,
  PRIMARY KEY (`idticket`),
  INDEX `fk_ticket_1_idx` (`parking` ASC),
  CONSTRAINT `fk_ticket_1`
    FOREIGN KEY (`parking`)
    REFERENCES `SmartParking`.`Parking` (`idParking`)
    ON DELETE CASCADE
    ON UPDATE CASCADE)
ENGINE = InnoDB;


-- -----------------------------------------------------
-- Table `SmartParking`.`history`
-- -----------------------------------------------------
CREATE TABLE IF NOT EXISTS `SmartParking`.`history` (
  `id` INT NOT NULL AUTO_INCREMENT,
  `plate` VARCHAR(45) NOT NULL,
  `name` VARCHAR(45) NOT NULL,
  `date` DATETIME NOT NULL,
  `parking` INT NOT NULL,
  `id_spot` INT NOT NULL,
  `spotname` VARCHAR(45) NOT NULL,
  INDEX `fk_history_2_idx` (`parking` ASC),
  PRIMARY KEY (`id`),
  INDEX `fk_history_3_idx` (`id_spot` ASC),
  CONSTRAINT `fk_history_1`
    FOREIGN KEY (`plate`)
    REFERENCES `SmartParking`.`USER` (`plate`)
    ON DELETE NO ACTION
    ON UPDATE NO ACTION,
  CONSTRAINT `fk_history_2`
    FOREIGN KEY (`parking`)
    REFERENCES `SmartParking`.`Parking` (`idParking`)
    ON DELETE NO ACTION
    ON UPDATE NO ACTION,
  CONSTRAINT `fk_history_3`
    FOREIGN KEY (`id_spot`)
    REFERENCES `SmartParking`.`spot` (`idspot`)
    ON DELETE NO ACTION
    ON UPDATE NO ACTION)
ENGINE = InnoDB;


SET SQL_MODE=@OLD_SQL_MODE;
SET FOREIGN_KEY_CHECKS=@OLD_FOREIGN_KEY_CHECKS;
SET UNIQUE_CHECKS=@OLD_UNIQUE_CHECKS;

-- -----------------------------------------------------
-- Data for table `SmartParking`.`USER`
-- -----------------------------------------------------
START TRANSACTION;
USE `SmartParking`;
INSERT INTO `SmartParking`.`USER` (`plate`, `name`, `password`) VALUES ('ABH 5316', 'Babis', '1234');
INSERT INTO `SmartParking`.`USER` (`plate`, `name`, `password`) VALUES ('KHX 9503', 'Kostas', '1234');

COMMIT;


-- -----------------------------------------------------
-- Data for table `SmartParking`.`ADMIN`
-- -----------------------------------------------------
START TRANSACTION;
USE `SmartParking`;
INSERT INTO `SmartParking`.`ADMIN` (`idADMIN`, `name`, `password`) VALUES (1, 'Pantelis Pap', '1234');
INSERT INTO `SmartParking`.`ADMIN` (`idADMIN`, `name`, `password`) VALUES (2, 'Teo Dask', '1234');

COMMIT;


-- -----------------------------------------------------
-- Data for table `SmartParking`.`Parking`
-- -----------------------------------------------------
START TRANSACTION;
USE `SmartParking`;
INSERT INTO `SmartParking`.`Parking` (`idParking`, `#spot`, `floor`, `address`, `admin`, `lat`, `long`) VALUES (1, '10', 2, 'Pantanassis 21', 1, '38.245914', '21.733003');
INSERT INTO `SmartParking`.`Parking` (`idParking`, `#spot`, `floor`, `address`, `admin`, `lat`, `long`) VALUES (2, '15', 3, 'Patreos 46', 2, '38.245529', '21.734253');

COMMIT;


-- -----------------------------------------------------
-- Data for table `SmartParking`.`spot`
-- -----------------------------------------------------
START TRANSACTION;
USE `SmartParking`;
INSERT INTO `SmartParking`.`spot` (`idspot`, `spotname`, `plate`, `spot_state`, `spot_type`, `parking`, `monthly`) VALUES (DEFAULT, 'a1', 'KHX 9503', 1, 'temporary', 1, NULL);
INSERT INTO `SmartParking`.`spot` (`idspot`, `spotname`, `plate`, `spot_state`, `spot_type`, `parking`, `monthly`) VALUES (DEFAULT, 'a2', 'ABH 5316', 1, 'temporary', 1, NULL);
INSERT INTO `SmartParking`.`spot` (`idspot`, `spotname`, `plate`, `spot_state`, `spot_type`, `parking`, `monthly`) VALUES (DEFAULT, 'a3', NULL, 0, NULL, 1, NULL);
INSERT INTO `SmartParking`.`spot` (`idspot`, `spotname`, `plate`, `spot_state`, `spot_type`, `parking`, `monthly`) VALUES (DEFAULT, 'a4', NULL, 0, NULL, 1, NULL);
INSERT INTO `SmartParking`.`spot` (`idspot`, `spotname`, `plate`, `spot_state`, `spot_type`, `parking`, `monthly`) VALUES (DEFAULT, 'a5', NULL, 0, NULL, 1, NULL);
INSERT INTO `SmartParking`.`spot` (`idspot`, `spotname`, `plate`, `spot_state`, `spot_type`, `parking`, `monthly`) VALUES (DEFAULT, 'b1', NULL, 0, NULL, 1, NULL);
INSERT INTO `SmartParking`.`spot` (`idspot`, `spotname`, `plate`, `spot_state`, `spot_type`, `parking`, `monthly`) VALUES (DEFAULT, 'b2', NULL, 0, NULL, 1, NULL);
INSERT INTO `SmartParking`.`spot` (`idspot`, `spotname`, `plate`, `spot_state`, `spot_type`, `parking`, `monthly`) VALUES (DEFAULT, 'b3', NULL, 0, NULL, 1, NULL);
INSERT INTO `SmartParking`.`spot` (`idspot`, `spotname`, `plate`, `spot_state`, `spot_type`, `parking`, `monthly`) VALUES (DEFAULT, 'b4', NULL, 0, NULL, 1, NULL);
INSERT INTO `SmartParking`.`spot` (`idspot`, `spotname`, `plate`, `spot_state`, `spot_type`, `parking`, `monthly`) VALUES (DEFAULT, 'b5', NULL, 0, NULL, 1, NULL);
INSERT INTO `SmartParking`.`spot` (`idspot`, `spotname`, `plate`, `spot_state`, `spot_type`, `parking`, `monthly`) VALUES (DEFAULT, 'a1', NULL, 0, NULL, 2, NULL);
INSERT INTO `SmartParking`.`spot` (`idspot`, `spotname`, `plate`, `spot_state`, `spot_type`, `parking`, `monthly`) VALUES (DEFAULT, 'a2', NULL, 0, NULL, 2, NULL);
INSERT INTO `SmartParking`.`spot` (`idspot`, `spotname`, `plate`, `spot_state`, `spot_type`, `parking`, `monthly`) VALUES (DEFAULT, 'a3', NULL, 0, NULL, 2, NULL);
INSERT INTO `SmartParking`.`spot` (`idspot`, `spotname`, `plate`, `spot_state`, `spot_type`, `parking`, `monthly`) VALUES (DEFAULT, 'a4', NULL, 0, NULL, 2, NULL);
INSERT INTO `SmartParking`.`spot` (`idspot`, `spotname`, `plate`, `spot_state`, `spot_type`, `parking`, `monthly`) VALUES (DEFAULT, 'a5', 'XAN 8431', 1, 'temporary', 2, NULL);
INSERT INTO `SmartParking`.`spot` (`idspot`, `spotname`, `plate`, `spot_state`, `spot_type`, `parking`, `monthly`) VALUES (DEFAULT, 'b1', NULL, 0, NULL, 2, NULL);
INSERT INTO `SmartParking`.`spot` (`idspot`, `spotname`, `plate`, `spot_state`, `spot_type`, `parking`, `monthly`) VALUES (DEFAULT, 'b2', NULL, 0, NULL, 2, NULL);
INSERT INTO `SmartParking`.`spot` (`idspot`, `spotname`, `plate`, `spot_state`, `spot_type`, `parking`, `monthly`) VALUES (DEFAULT, 'b3', NULL, 0, NULL, 2, NULL);
INSERT INTO `SmartParking`.`spot` (`idspot`, `spotname`, `plate`, `spot_state`, `spot_type`, `parking`, `monthly`) VALUES (DEFAULT, 'b4', NULL, 0, NULL, 2, NULL);
INSERT INTO `SmartParking`.`spot` (`idspot`, `spotname`, `plate`, `spot_state`, `spot_type`, `parking`, `monthly`) VALUES (DEFAULT, 'b5', NULL, 0, NULL, 2, NULL);
INSERT INTO `SmartParking`.`spot` (`idspot`, `spotname`, `plate`, `spot_state`, `spot_type`, `parking`, `monthly`) VALUES (DEFAULT, 'c1', NULL, 0, NULL, 2, NULL);
INSERT INTO `SmartParking`.`spot` (`idspot`, `spotname`, `plate`, `spot_state`, `spot_type`, `parking`, `monthly`) VALUES (DEFAULT, 'c2', NULL, 0, NULL, 2, NULL);
INSERT INTO `SmartParking`.`spot` (`idspot`, `spotname`, `plate`, `spot_state`, `spot_type`, `parking`, `monthly`) VALUES (DEFAULT, 'c3', NULL, 0, NULL, 2, NULL);
INSERT INTO `SmartParking`.`spot` (`idspot`, `spotname`, `plate`, `spot_state`, `spot_type`, `parking`, `monthly`) VALUES (DEFAULT, 'c4', NULL, 0, NULL, 2, NULL);
INSERT INTO `SmartParking`.`spot` (`idspot`, `spotname`, `plate`, `spot_state`, `spot_type`, `parking`, `monthly`) VALUES (DEFAULT, 'c5', NULL, 0, NULL, 2, NULL);

COMMIT;


-- -----------------------------------------------------
-- Data for table `SmartParking`.`pay_station`
-- -----------------------------------------------------
START TRANSACTION;
USE `SmartParking`;
INSERT INTO `SmartParking`.`pay_station` (`idpay_station`, `idParking`, `total_cash`, `change`) VALUES (1, 1, 10, 100);
INSERT INTO `SmartParking`.`pay_station` (`idpay_station`, `idParking`, `total_cash`, `change`) VALUES (2, 2, 5, 100);

COMMIT;


-- -----------------------------------------------------
-- Data for table `SmartParking`.`ticket`
-- -----------------------------------------------------
START TRANSACTION;
USE `SmartParking`;
INSERT INTO `SmartParking`.`ticket` (`idticket`, `state`, `active_time`, `plate`, `parking`) VALUES (1, 'not payed', '2019-05-17 12:35:00', 'ΑΧΡ 7491', 1);
INSERT INTO `SmartParking`.`ticket` (`idticket`, `state`, `active_time`, `plate`, `parking`) VALUES (2, 'payed', '2019-05-18 18:40:00', 'ΥΧΗ 1234', 1);

COMMIT;


-- -----------------------------------------------------
-- Data for table `SmartParking`.`history`
-- -----------------------------------------------------
START TRANSACTION;
USE `SmartParking`;
INSERT INTO `SmartParking`.`history` (`id`, `plate`, `name`, `date`, `parking`, `id_spot`, `spotname`) VALUES (DEFAULT, 'ABH 5316', 'Babis', '2019-05-17 12:35:00', 1, 2, 'a2');
INSERT INTO `SmartParking`.`history` (`id`, `plate`, `name`, `date`, `parking`, `id_spot`, `spotname`) VALUES (DEFAULT, 'KHX 9503', 'Kostas', '2019-05-17 15:35:00', 1, 1, 'a1');

COMMIT;
